---
- code: city-of-montreal-qc
  name:
    en: City of Montreal
    fr: Ville de Montréal
  provinceCode: qc
- code: city-of-ottawa-on
  name:
    en: City of Ottawa
    fr: Ville d'Ottawa
  provinceCode: 'on'
- code: city-of-edmonton-ab
  name:
    en: City of Edmonton
    fr: Ville d'Edmonton
  provinceCode: ab
- code: city-of-sault-ste-marie-on
  name:
    en: City of Sault Ste Marie
    fr: Ville de Sault Sainte Marie
  provinceCode: 'on'
- code: quebec-city-qc
  name:
    en: Quebec City
    fr: Ville de Québec
  provinceCode: qc
